Title                    ,
Model:                   ,N9320A
Serial Number:           ,CN0163000547
Center Frequency;        ,1500000000.000000,Hz
Span:                    ,3000000000.000000,Hz
Resolution Bandwidth:    ,300000.000000,Hz
Video Bandwidth:         ,300000.000000,Hz
Reference Level:         ,      -20.00,dBm
Sweep Time:              ,2.004348,Sec
Num Points:              ,0461

No.,            frequency,    ,amplitude,
  0,         0.0,Hz,      -17.00,dBm,     -120.00,dBm,     -120.00,dBm,     -120.00,dBm
  1,   6521739.1,Hz,      -74.76,dBm,     -120.00,dBm,     -120.00,dBm,     -120.00,dBm
  2,  13043478.3,Hz,      -69.20,dBm,     -120.00,dBm,     -120.00,dBm,     -120.00,dBm
  3,  19565217.4,Hz,      -71.46,dBm,     -120.00,dBm,     -120.00,dBm,     -120.00,dBm
  4,  26086956.5,Hz,      -72.90,dBm,     -120.00,dBm,     -120.00,dBm,     -120.00,dBm
  5,  32608695.7,Hz,      -70.78,dBm,     -120.00,dBm,     -120.00,dBm,     -120.00,dBm
  6,  39130434.8,Hz,      -71.90,dBm,     -120.00,dBm,     -120.00,dBm,     -120.00,dBm
  7,  45652173.9,Hz,      -72.37,dBm,     -120.00,dBm,     -120.00,dBm,     -120.00,dBm
  8,  52173913.0,Hz,      -71.80,dBm,     -120.00,dBm,     -120.00,dBm,     -120.00,dBm
  9,  58695652.2,Hz,      -72.90,dBm,     -120.00,dBm,     -120.00,dBm,     -120.00,dBm
 10,  65217391.3,Hz,      -71.88,dBm,     -120.00,dBm,     -120.00,dBm,     -120.00,dBm
 11,  71739130.4,Hz,      -73.51,dBm,     -120.00,dBm,     -120.00,dBm,     -120.00,dBm
 12,  78260869.6,Hz,      -73.27,dBm,     -120.00,dBm,     -120.00,dBm,     -120.00,dBm
 13,  84782608.7,Hz,      -71.76,dBm,     -120.00,dBm,     -120.00,dBm,     -120.00,dBm
 14,  91304347.8,Hz,      -70.78,dBm,     -120.00,dBm,     -120.00,dBm,     -120.00,dBm
 15,  97826087.0,Hz,      -70.24,dBm,     -120.00,dBm,     -120.00,dBm,     -120.00,dBm
 16, 104347826.1,Hz,      -70.29,dBm,     -120.00,dBm,     -120.00,dBm,     -120.00,dBm
 17, 110869565.2,Hz,      -69.04,dBm,     -120.00,dBm,     -120.00,dBm,     -120.00,dBm
 18, 117391304.3,Hz,      -71.22,dBm,     -120.00,dBm,     -120.00,dBm,     -120.00,dBm
 19, 123913043.5,Hz,      -69.09,dBm,     -120.00,dBm,     -120.00,dBm,     -120.00,dBm
 20, 130434782.6,Hz,      -70.26,dBm,     -120.00,dBm,     -120.00,dBm,     -120.00,dBm
 21, 136956521.7,Hz,      -68.98,dBm,     -120.00,dBm,     -120.00,dBm,     -120.00,dBm
 22, 143478260.9,Hz,      -68.68,dBm,     -120.00,dBm,     -120.00,dBm,     -120.00,dBm
 23, 150000000.0,Hz,      -68.58,dBm,     -120.00,dBm,     -120.00,dBm,     -120.00,dBm
 24, 156521739.1,Hz,      -67.75,dBm,     -120.00,dBm,     -120.00,dBm,     -120.00,dBm
 25, 163043478.3,Hz,      -67.12,dBm,     -120.00,dBm,     -120.00,dBm,     -120.00,dBm
 26, 169565217.4,Hz,      -66.26,dBm,     -120.00,dBm,     -120.00,dBm,     -120.00,dBm
 27, 176086956.5,Hz,      -65.70,dBm,     -120.00,dBm,     -120.00,dBm,     -120.00,dBm
 28, 182608695.7,Hz,      -65.82,dBm,     -120.00,dBm,     -120.00,dBm,     -120.00,dBm
 29, 189130434.8,Hz,      -65.66,dBm,     -120.00,dBm,     -120.00,dBm,     -120.00,dBm
 30, 195652173.9,Hz,      -64.50,dBm,     -120.00,dBm,     -120.00,dBm,     -120.00,dBm
 31, 202173913.0,Hz,      -65.10,dBm,     -120.00,dBm,     -120.00,dBm,     -120.00,dBm
 32, 208695652.2,Hz,      -64.31,dBm,     -120.00,dBm,     -120.00,dBm,     -120.00,dBm
 33, 215217391.3,Hz,      -63.79,dBm,     -120.00,dBm,     -120.00,dBm,     -120.00,dBm
 34, 221739130.4,Hz,      -63.36,dBm,     -120.00,dBm,     -120.00,dBm,     -120.00,dBm
 35, 228260869.6,Hz,      -62.76,dBm,     -120.00,dBm,     -120.00,dBm,     -120.00,dBm
 36, 234782608.7,Hz,      -62.00,dBm,     -120.00,dBm,     -120.00,dBm,     -120.00,dBm
 37, 241304347.8,Hz,      -61.33,dBm,     -120.00,dBm,     -120.00,dBm,     -120.00,dBm
 38, 247826087.0,Hz,      -61.53,dBm,     -120.00,dBm,     -120.00,dBm,     -120.00,dBm
 39, 254347826.1,Hz,      -61.41,dBm,     -120.00,dBm,     -120.00,dBm,     -120.00,dBm
 40, 260869565.2,Hz,      -61.50,dBm,     -120.00,dBm,     -120.00,dBm,     -120.00,dBm
 41, 267391304.3,Hz,      -61.02,dBm,     -120.00,dBm,     -120.00,dBm,     -120.00,dBm
 42, 273913043.5,Hz,      -61.20,dBm,     -120.00,dBm,     -120.00,dBm,     -120.00,dBm
 43, 280434782.6,Hz,      -60.92,dBm,     -120.00,dBm,     -120.00,dBm,     -120.00,dBm
 44, 286956521.7,Hz,      -61.04,dBm,     -120.00,dBm,     -120.00,dBm,     -120.00,dBm
 45, 293478260.9,Hz,      -60.85,dBm,     -120.00,dBm,     -120.00,dBm,     -120.00,dBm
 46, 300000000.0,Hz,      -60.66,dBm,     -120.00,dBm,     -120.00,dBm,     -120.00,dBm
 47, 306521739.1,Hz,      -60.73,dBm,     -120.00,dBm,     -120.00,dBm,     -120.00,dBm
 48, 313043478.3,Hz,      -60.14,dBm,     -120.00,dBm,     -120.00,dBm,     -120.00,dBm
 49, 319565217.4,Hz,      -60.14,dBm,     -120.00,dBm,     -120.00,dBm,     -120.00,dBm
 50, 326086956.5,Hz,      -60.02,dBm,     -120.00,dBm,     -120.00,dBm,     -120.00,dBm
 51, 332608695.7,Hz,      -60.07,dBm,     -120.00,dBm,     -120.00,dBm,     -120.00,dBm
 52, 339130434.8,Hz,      -59.75,dBm,     -120.00,dBm,     -120.00,dBm,     -120.00,dBm
 53, 345652173.9,Hz,      -59.72,dBm,     -120.00,dBm,     -120.00,dBm,     -120.00,dBm
 54, 352173913.0,Hz,      -59.51,dBm,     -120.00,dBm,     -120.00,dBm,     -120.00,dBm
 55, 358695652.2,Hz,      -59.20,dBm,     -120.00,dBm,     -120.00,dBm,     -120.00,dBm
 56, 365217391.3,Hz,      -59.22,dBm,     -120.00,dBm,     -120.00,dBm,     -120.00,dBm
 57, 371739130.4,Hz,      -58.46,dBm,     -120.00,dBm,     -120.00,dBm,     -120.00,dBm
 58, 378260869.6,Hz,      -58.93,dBm,     -120.00,dBm,     -120.00,dBm,     -120.00,dBm
 59, 384782608.7,Hz,      -58.60,dBm,     -120.00,dBm,     -120.00,dBm,     -120.00,dBm
 60, 391304347.8,Hz,      -58.45,dBm,     -120.00,dBm,     -120.00,dBm,     -120.00,dBm
 61, 397826087.0,Hz,      -58.47,dBm,     -120.00,dBm,     -120.00,dBm,     -120.00,dBm
 62, 404347826.1,Hz,      -58.34,dBm,     -120.00,dBm,     -120.00,dBm,     -120.00,dBm
 63, 410869565.2,Hz,      -57.96,dBm,     -120.00,dBm,     -120.00,dBm,     -120.00,dBm
 64, 417391304.3,Hz,      -57.69,dBm,     -120.00,dBm,     -120.00,dBm,     -120.00,dBm
 65, 423913043.5,Hz,      -57.75,dBm,     -120.00,dBm,     -120.00,dBm,     -120.00,dBm
 66, 430434782.6,Hz,      -57.87,dBm,     -120.00,dBm,     -120.00,dBm,     -120.00,dBm
 67, 436956521.7,Hz,      -57.76,dBm,     -120.00,dBm,     -120.00,dBm,     -120.00,dBm
 68, 443478260.9,Hz,      -57.58,dBm,     -120.00,dBm,     -120.00,dBm,     -120.00,dBm
 69, 450000000.0,Hz,      -57.30,dBm,     -120.00,dBm,     -120.00,dBm,     -120.00,dBm
 70, 456521739.1,Hz,      -57.33,dBm,     -120.00,dBm,     -120.00,dBm,     -120.00,dBm
 71, 463043478.3,Hz,      -57.39,dBm,     -120.00,dBm,     -120.00,dBm,     -120.00,dBm
 72, 469565217.4,Hz,      -57.38,dBm,     -120.00,dBm,     -120.00,dBm,     -120.00,dBm
 73, 476086956.5,Hz,      -57.42,dBm,     -120.00,dBm,     -120.00,dBm,     -120.00,dBm
 74, 482608695.7,Hz,      -57.19,dBm,     -120.00,dBm,     -120.00,dBm,     -120.00,dBm
 75, 489130434.8,Hz,      -57.21,dBm,     -120.00,dBm,     -120.00,dBm,     -120.00,dBm
 76, 495652173.9,Hz,      -57.11,dBm,     -120.00,dBm,     -120.00,dBm,     -120.00,dBm
 77, 502173913.0,Hz,      -56.91,dBm,     -120.00,dBm,     -120.00,dBm,     -120.00,dBm
 78, 508695652.2,Hz,      -57.18,dBm,     -120.00,dBm,     -120.00,dBm,     -120.00,dBm
 79, 515217391.3,Hz,      -56.59,dBm,     -120.00,dBm,     -120.00,dBm,     -120.00,dBm
 80, 521739130.4,Hz,      -56.82,dBm,     -120.00,dBm,     -120.00,dBm,     -120.00,dBm
 81, 528260869.6,Hz,      -56.57,dBm,     -120.00,dBm,     -120.00,dBm,     -120.00,dBm
 82, 534782608.7,Hz,      -56.36,dBm,     -120.00,dBm,     -120.00,dBm,     -120.00,dBm
 83, 541304347.8,Hz,      -56.38,dBm,     -120.00,dBm,     -120.00,dBm,     -120.00,dBm
 84, 547826087.0,Hz,      -56.37,dBm,     -120.00,dBm,     -120.00,dBm,     -120.00,dBm
 85, 554347826.1,Hz,      -56.14,dBm,     -120.00,dBm,     -120.00,dBm,     -120.00,dBm
 86, 560869565.2,Hz,      -56.46,dBm,     -120.00,dBm,     -120.00,dBm,     -120.00,dBm
 87, 567391304.3,Hz,      -56.12,dBm,     -120.00,dBm,     -120.00,dBm,     -120.00,dBm
 88, 573913043.5,Hz,      -56.19,dBm,     -120.00,dBm,     -120.00,dBm,     -120.00,dBm
 89, 580434782.6,Hz,      -55.72,dBm,     -120.00,dBm,     -120.00,dBm,     -120.00,dBm
 90, 586956521.7,Hz,      -55.45,dBm,     -120.00,dBm,     -120.00,dBm,     -120.00,dBm
 91, 593478260.9,Hz,      -55.95,dBm,     -120.00,dBm,     -120.00,dBm,     -120.00,dBm
 92, 600000000.0,Hz,      -56.00,dBm,     -120.00,dBm,     -120.00,dBm,     -120.00,dBm
 93, 606521739.1,Hz,      -55.83,dBm,     -120.00,dBm,     -120.00,dBm,     -120.00,dBm
 94, 613043478.3,Hz,      -55.99,dBm,     -120.00,dBm,     -120.00,dBm,     -120.00,dBm
 95, 619565217.4,Hz,      -55.98,dBm,     -120.00,dBm,     -120.00,dBm,     -120.00,dBm
 96, 626086956.5,Hz,      -55.92,dBm,     -120.00,dBm,     -120.00,dBm,     -120.00,dBm
 97, 632608695.7,Hz,      -56.03,dBm,     -120.00,dBm,     -120.00,dBm,     -120.00,dBm
 98, 639130434.8,Hz,      -55.86,dBm,     -120.00,dBm,     -120.00,dBm,     -120.00,dBm
 99, 645652173.9,Hz,      -55.50,dBm,     -120.00,dBm,     -120.00,dBm,     -120.00,dBm
100, 652173913.0,Hz,      -55.20,dBm,     -120.00,dBm,     -120.00,dBm,     -120.00,dBm
101, 658695652.2,Hz,      -55.70,dBm,     -120.00,dBm,     -120.00,dBm,     -120.00,dBm
102, 665217391.3,Hz,      -55.16,dBm,     -120.00,dBm,     -120.00,dBm,     -120.00,dBm
103, 671739130.4,Hz,      -55.05,dBm,     -120.00,dBm,     -120.00,dBm,     -120.00,dBm
104, 678260869.6,Hz,      -55.42,dBm,     -120.00,dBm,     -120.00,dBm,     -120.00,dBm
105, 684782608.7,Hz,      -54.98,dBm,     -120.00,dBm,     -120.00,dBm,     -120.00,dBm
106, 691304347.8,Hz,      -55.32,dBm,     -120.00,dBm,     -120.00,dBm,     -120.00,dBm
107, 697826087.0,Hz,      -55.21,dBm,     -120.00,dBm,     -120.00,dBm,     -120.00,dBm
108, 704347826.1,Hz,      -55.00,dBm,     -120.00,dBm,     -120.00,dBm,     -120.00,dBm
109, 710869565.2,Hz,      -54.82,dBm,     -120.00,dBm,     -120.00,dBm,     -120.00,dBm
110, 717391304.3,Hz,      -55.20,dBm,     -120.00,dBm,     -120.00,dBm,     -120.00,dBm
111, 723913043.5,Hz,      -55.37,dBm,     -120.00,dBm,     -120.00,dBm,     -120.00,dBm
112, 730434782.6,Hz,      -55.33,dBm,     -120.00,dBm,     -120.00,dBm,     -120.00,dBm
113, 736956521.7,Hz,      -55.12,dBm,     -120.00,dBm,     -120.00,dBm,     -120.00,dBm
114, 743478260.9,Hz,      -55.02,dBm,     -120.00,dBm,     -120.00,dBm,     -120.00,dBm
115, 750000000.0,Hz,      -55.35,dBm,     -120.00,dBm,     -120.00,dBm,     -120.00,dBm
116, 756521739.1,Hz,      -55.52,dBm,     -120.00,dBm,     -120.00,dBm,     -120.00,dBm
117, 763043478.3,Hz,      -55.39,dBm,     -120.00,dBm,     -120.00,dBm,     -120.00,dBm
118, 769565217.4,Hz,      -55.27,dBm,     -120.00,dBm,     -120.00,dBm,     -120.00,dBm
119, 776086956.5,Hz,      -55.00,dBm,     -120.00,dBm,     -120.00,dBm,     -120.00,dBm
120, 782608695.7,Hz,      -55.06,dBm,     -120.00,dBm,     -120.00,dBm,     -120.00,dBm
121, 789130434.8,Hz,      -54.91,dBm,     -120.00,dBm,     -120.00,dBm,     -120.00,dBm
122, 795652173.9,Hz,      -54.77,dBm,     -120.00,dBm,     -120.00,dBm,     -120.00,dBm
123, 802173913.0,Hz,      -55.03,dBm,     -120.00,dBm,     -120.00,dBm,     -120.00,dBm
124, 808695652.2,Hz,      -54.93,dBm,     -120.00,dBm,     -120.00,dBm,     -120.00,dBm
125, 815217391.3,Hz,      -54.49,dBm,     -120.00,dBm,     -120.00,dBm,     -120.00,dBm
126, 821739130.4,Hz,      -54.97,dBm,     -120.00,dBm,     -120.00,dBm,     -120.00,dBm
127, 828260869.6,Hz,      -54.67,dBm,     -120.00,dBm,     -120.00,dBm,     -120.00,dBm
128, 834782608.7,Hz,      -55.08,dBm,     -120.00,dBm,     -120.00,dBm,     -120.00,dBm
129, 841304347.8,Hz,      -54.95,dBm,     -120.00,dBm,     -120.00,dBm,     -120.00,dBm
130, 847826087.0,Hz,      -55.14,dBm,     -120.00,dBm,     -120.00,dBm,     -120.00,dBm
131, 854347826.1,Hz,      -55.33,dBm,     -120.00,dBm,     -120.00,dBm,     -120.00,dBm
132, 860869565.2,Hz,      -55.31,dBm,     -120.00,dBm,     -120.00,dBm,     -120.00,dBm
133, 867391304.3,Hz,      -55.25,dBm,     -120.00,dBm,     -120.00,dBm,     -120.00,dBm
134, 873913043.5,Hz,      -54.87,dBm,     -120.00,dBm,     -120.00,dBm,     -120.00,dBm
135, 880434782.6,Hz,      -55.09,dBm,     -120.00,dBm,     -120.00,dBm,     -120.00,dBm
136, 886956521.7,Hz,      -55.39,dBm,     -120.00,dBm,     -120.00,dBm,     -120.00,dBm
137, 893478260.9,Hz,      -55.06,dBm,     -120.00,dBm,     -120.00,dBm,     -120.00,dBm
138, 900000000.0,Hz,      -55.12,dBm,     -120.00,dBm,     -120.00,dBm,     -120.00,dBm
139, 906521739.1,Hz,      -54.96,dBm,     -120.00,dBm,     -120.00,dBm,     -120.00,dBm
140, 913043478.3,Hz,      -54.66,dBm,     -120.00,dBm,     -120.00,dBm,     -120.00,dBm
141, 919565217.4,Hz,      -54.53,dBm,     -120.00,dBm,     -120.00,dBm,     -120.00,dBm
142, 926086956.5,Hz,      -54.34,dBm,     -120.00,dBm,     -120.00,dBm,     -120.00,dBm
143, 932608695.7,Hz,      -54.39,dBm,     -120.00,dBm,     -120.00,dBm,     -120.00,dBm
144, 939130434.8,Hz,      -54.64,dBm,     -120.00,dBm,     -120.00,dBm,     -120.00,dBm
145, 945652173.9,Hz,      -54.23,dBm,     -120.00,dBm,     -120.00,dBm,     -120.00,dBm
146, 952173913.0,Hz,      -54.48,dBm,     -120.00,dBm,     -120.00,dBm,     -120.00,dBm
147, 958695652.2,Hz,      -54.45,dBm,     -120.00,dBm,     -120.00,dBm,     -120.00,dBm
148, 965217391.3,Hz,      -54.89,dBm,     -120.00,dBm,     -120.00,dBm,     -120.00,dBm
149, 971739130.4,Hz,      -55.06,dBm,     -120.00,dBm,     -120.00,dBm,     -120.00,dBm
150, 978260869.6,Hz,      -55.41,dBm,     -120.00,dBm,     -120.00,dBm,     -120.00,dBm
151, 984782608.7,Hz,      -55.35,dBm,     -120.00,dBm,     -120.00,dBm,     -120.00,dBm
152, 991304347.8,Hz,      -55.46,dBm,     -120.00,dBm,     -120.00,dBm,     -120.00,dBm
153, 997826087.0,Hz,      -55.68,dBm,     -120.00,dBm,     -120.00,dBm,     -120.00,dBm
154,1004347826.1,Hz,      -55.54,dBm,     -120.00,dBm,     -120.00,dBm,     -120.00,dBm
155,1010869565.2,Hz,      -55.49,dBm,     -120.00,dBm,     -120.00,dBm,     -120.00,dBm
156,1017391304.3,Hz,      -55.47,dBm,     -120.00,dBm,     -120.00,dBm,     -120.00,dBm
157,1023913043.5,Hz,      -55.30,dBm,     -120.00,dBm,     -120.00,dBm,     -120.00,dBm
158,1030434782.6,Hz,      -55.06,dBm,     -120.00,dBm,     -120.00,dBm,     -120.00,dBm
159,1036956521.7,Hz,      -54.93,dBm,     -120.00,dBm,     -120.00,dBm,     -120.00,dBm
160,1043478260.9,Hz,      -55.20,dBm,     -120.00,dBm,     -120.00,dBm,     -120.00,dBm
161,1050000000.0,Hz,      -55.25,dBm,     -120.00,dBm,     -120.00,dBm,     -120.00,dBm
162,1056521739.1,Hz,      -55.33,dBm,     -120.00,dBm,     -120.00,dBm,     -120.00,dBm
163,1063043478.3,Hz,      -55.29,dBm,     -120.00,dBm,     -120.00,dBm,     -120.00,dBm
164,1069565217.4,Hz,      -55.59,dBm,     -120.00,dBm,     -120.00,dBm,     -120.00,dBm
165,1076086956.5,Hz,      -55.81,dBm,     -120.00,dBm,     -120.00,dBm,     -120.00,dBm
166,1082608695.7,Hz,      -55.72,dBm,     -120.00,dBm,     -120.00,dBm,     -120.00,dBm
167,1089130434.8,Hz,      -56.02,dBm,     -120.00,dBm,     -120.00,dBm,     -120.00,dBm
168,1095652173.9,Hz,      -55.98,dBm,     -120.00,dBm,     -120.00,dBm,     -120.00,dBm
169,1102173913.0,Hz,      -56.75,dBm,     -120.00,dBm,     -120.00,dBm,     -120.00,dBm
170,1108695652.2,Hz,      -56.44,dBm,     -120.00,dBm,     -120.00,dBm,     -120.00,dBm
171,1115217391.3,Hz,      -56.88,dBm,     -120.00,dBm,     -120.00,dBm,     -120.00,dBm
172,1121739130.4,Hz,      -56.96,dBm,     -120.00,dBm,     -120.00,dBm,     -120.00,dBm
173,1128260869.6,Hz,      -57.31,dBm,     -120.00,dBm,     -120.00,dBm,     -120.00,dBm
174,1134782608.7,Hz,      -57.03,dBm,     -120.00,dBm,     -120.00,dBm,     -120.00,dBm
175,1141304347.8,Hz,      -56.55,dBm,     -120.00,dBm,     -120.00,dBm,     -120.00,dBm
176,1147826087.0,Hz,      -56.57,dBm,     -120.00,dBm,     -120.00,dBm,     -120.00,dBm
177,1154347826.1,Hz,      -56.96,dBm,     -120.00,dBm,     -120.00,dBm,     -120.00,dBm
178,1160869565.2,Hz,      -56.62,dBm,     -120.00,dBm,     -120.00,dBm,     -120.00,dBm
179,1167391304.3,Hz,      -56.92,dBm,     -120.00,dBm,     -120.00,dBm,     -120.00,dBm
180,1173913043.5,Hz,      -57.02,dBm,     -120.00,dBm,     -120.00,dBm,     -120.00,dBm
181,1180434782.6,Hz,      -57.07,dBm,     -120.00,dBm,     -120.00,dBm,     -120.00,dBm
182,1186956521.7,Hz,      -56.66,dBm,     -120.00,dBm,     -120.00,dBm,     -120.00,dBm
183,1193478260.9,Hz,      -56.83,dBm,     -120.00,dBm,     -120.00,dBm,     -120.00,dBm
184,1200000000.0,Hz,      -56.50,dBm,     -120.00,dBm,     -120.00,dBm,     -120.00,dBm
185,1206521739.1,Hz,      -56.42,dBm,     -120.00,dBm,     -120.00,dBm,     -120.00,dBm
186,1213043478.3,Hz,      -57.47,dBm,     -120.00,dBm,     -120.00,dBm,     -120.00,dBm
187,1219565217.4,Hz,      -57.61,dBm,     -120.00,dBm,     -120.00,dBm,     -120.00,dBm
188,1226086956.5,Hz,      -57.04,dBm,     -120.00,dBm,     -120.00,dBm,     -120.00,dBm
189,1232608695.7,Hz,      -57.48,dBm,     -120.00,dBm,     -120.00,dBm,     -120.00,dBm
190,1239130434.8,Hz,      -56.99,dBm,     -120.00,dBm,     -120.00,dBm,     -120.00,dBm
191,1245652173.9,Hz,      -57.42,dBm,     -120.00,dBm,     -120.00,dBm,     -120.00,dBm
192,1252173913.0,Hz,      -57.13,dBm,     -120.00,dBm,     -120.00,dBm,     -120.00,dBm
193,1258695652.2,Hz,      -56.64,dBm,     -120.00,dBm,     -120.00,dBm,     -120.00,dBm
194,1265217391.3,Hz,      -56.83,dBm,     -120.00,dBm,     -120.00,dBm,     -120.00,dBm
195,1271739130.4,Hz,      -56.42,dBm,     -120.00,dBm,     -120.00,dBm,     -120.00,dBm
196,1278260869.6,Hz,      -56.67,dBm,     -120.00,dBm,     -120.00,dBm,     -120.00,dBm
197,1284782608.7,Hz,      -56.24,dBm,     -120.00,dBm,     -120.00,dBm,     -120.00,dBm
198,1291304347.8,Hz,      -56.43,dBm,     -120.00,dBm,     -120.00,dBm,     -120.00,dBm
199,1297826087.0,Hz,      -55.74,dBm,     -120.00,dBm,     -120.00,dBm,     -120.00,dBm
200,1304347826.1,Hz,      -55.54,dBm,     -120.00,dBm,     -120.00,dBm,     -120.00,dBm
201,1310869565.2,Hz,      -55.85,dBm,     -120.00,dBm,     -120.00,dBm,     -120.00,dBm
202,1317391304.3,Hz,      -55.12,dBm,     -120.00,dBm,     -120.00,dBm,     -120.00,dBm
203,1323913043.5,Hz,      -55.20,dBm,     -120.00,dBm,     -120.00,dBm,     -120.00,dBm
204,1330434782.6,Hz,      -55.37,dBm,     -120.00,dBm,     -120.00,dBm,     -120.00,dBm
205,1336956521.7,Hz,      -55.28,dBm,     -120.00,dBm,     -120.00,dBm,     -120.00,dBm
206,1343478260.9,Hz,      -54.94,dBm,     -120.00,dBm,     -120.00,dBm,     -120.00,dBm
207,1350000000.0,Hz,      -54.90,dBm,     -120.00,dBm,     -120.00,dBm,     -120.00,dBm
208,1356521739.1,Hz,      -54.56,dBm,     -120.00,dBm,     -120.00,dBm,     -120.00,dBm
209,1363043478.3,Hz,      -54.42,dBm,     -120.00,dBm,     -120.00,dBm,     -120.00,dBm
210,1369565217.4,Hz,      -54.71,dBm,     -120.00,dBm,     -120.00,dBm,     -120.00,dBm
211,1376086956.5,Hz,      -54.57,dBm,     -120.00,dBm,     -120.00,dBm,     -120.00,dBm
212,1382608695.7,Hz,      -54.50,dBm,     -120.00,dBm,     -120.00,dBm,     -120.00,dBm
213,1389130434.8,Hz,      -53.94,dBm,     -120.00,dBm,     -120.00,dBm,     -120.00,dBm
214,1395652173.9,Hz,      -53.95,dBm,     -120.00,dBm,     -120.00,dBm,     -120.00,dBm
215,1402173913.0,Hz,      -54.19,dBm,     -120.00,dBm,     -120.00,dBm,     -120.00,dBm
216,1408695652.2,Hz,      -53.96,dBm,     -120.00,dBm,     -120.00,dBm,     -120.00,dBm
217,1415217391.3,Hz,      -53.50,dBm,     -120.00,dBm,     -120.00,dBm,     -120.00,dBm
218,1421739130.4,Hz,      -53.58,dBm,     -120.00,dBm,     -120.00,dBm,     -120.00,dBm
219,1428260869.6,Hz,      -53.46,dBm,     -120.00,dBm,     -120.00,dBm,     -120.00,dBm
220,1434782608.7,Hz,      -53.29,dBm,     -120.00,dBm,     -120.00,dBm,     -120.00,dBm
221,1441304347.8,Hz,      -53.17,dBm,     -120.00,dBm,     -120.00,dBm,     -120.00,dBm
222,1447826087.0,Hz,      -53.00,dBm,     -120.00,dBm,     -120.00,dBm,     -120.00,dBm
223,1454347826.1,Hz,      -53.27,dBm,     -120.00,dBm,     -120.00,dBm,     -120.00,dBm
224,1460869565.2,Hz,      -53.29,dBm,     -120.00,dBm,     -120.00,dBm,     -120.00,dBm
225,1467391304.3,Hz,      -53.04,dBm,     -120.00,dBm,     -120.00,dBm,     -120.00,dBm
226,1473913043.5,Hz,      -53.03,dBm,     -120.00,dBm,     -120.00,dBm,     -120.00,dBm
227,1480434782.6,Hz,      -53.05,dBm,     -120.00,dBm,     -120.00,dBm,     -120.00,dBm
228,1486956521.7,Hz,      -52.84,dBm,     -120.00,dBm,     -120.00,dBm,     -120.00,dBm
229,1493478260.9,Hz,      -53.04,dBm,     -120.00,dBm,     -120.00,dBm,     -120.00,dBm
230,1500000000.0,Hz,      -52.92,dBm,     -120.00,dBm,     -120.00,dBm,     -120.00,dBm
231,1506521739.1,Hz,      -52.52,dBm,     -120.00,dBm,     -120.00,dBm,     -120.00,dBm
232,1513043478.3,Hz,      -52.78,dBm,     -120.00,dBm,     -120.00,dBm,     -120.00,dBm
233,1519565217.4,Hz,      -52.42,dBm,     -120.00,dBm,     -120.00,dBm,     -120.00,dBm
234,1526086956.5,Hz,      -52.22,dBm,     -120.00,dBm,     -120.00,dBm,     -120.00,dBm
235,1532608695.7,Hz,      -52.44,dBm,     -120.00,dBm,     -120.00,dBm,     -120.00,dBm
236,1539130434.8,Hz,      -52.32,dBm,     -120.00,dBm,     -120.00,dBm,     -120.00,dBm
237,1545652173.9,Hz,      -52.20,dBm,     -120.00,dBm,     -120.00,dBm,     -120.00,dBm
238,1552173913.0,Hz,      -52.24,dBm,     -120.00,dBm,     -120.00,dBm,     -120.00,dBm
239,1558695652.2,Hz,      -52.01,dBm,     -120.00,dBm,     -120.00,dBm,     -120.00,dBm
240,1565217391.3,Hz,      -51.98,dBm,     -120.00,dBm,     -120.00,dBm,     -120.00,dBm
241,1571739130.4,Hz,      -51.80,dBm,     -120.00,dBm,     -120.00,dBm,     -120.00,dBm
242,1578260869.6,Hz,      -51.95,dBm,     -120.00,dBm,     -120.00,dBm,     -120.00,dBm
243,1584782608.7,Hz,      -51.94,dBm,     -120.00,dBm,     -120.00,dBm,     -120.00,dBm
244,1591304347.8,Hz,      -51.76,dBm,     -120.00,dBm,     -120.00,dBm,     -120.00,dBm
245,1597826087.0,Hz,      -51.64,dBm,     -120.00,dBm,     -120.00,dBm,     -120.00,dBm
246,1604347826.1,Hz,      -51.54,dBm,     -120.00,dBm,     -120.00,dBm,     -120.00,dBm
247,1610869565.2,Hz,      -51.36,dBm,     -120.00,dBm,     -120.00,dBm,     -120.00,dBm
248,1617391304.3,Hz,      -51.33,dBm,     -120.00,dBm,     -120.00,dBm,     -120.00,dBm
249,1623913043.5,Hz,      -51.34,dBm,     -120.00,dBm,     -120.00,dBm,     -120.00,dBm
250,1630434782.6,Hz,      -51.27,dBm,     -120.00,dBm,     -120.00,dBm,     -120.00,dBm
251,1636956521.7,Hz,      -51.26,dBm,     -120.00,dBm,     -120.00,dBm,     -120.00,dBm
252,1643478260.9,Hz,      -50.99,dBm,     -120.00,dBm,     -120.00,dBm,     -120.00,dBm
253,1650000000.0,Hz,      -51.09,dBm,     -120.00,dBm,     -120.00,dBm,     -120.00,dBm
254,1656521739.1,Hz,      -51.16,dBm,     -120.00,dBm,     -120.00,dBm,     -120.00,dBm
255,1663043478.3,Hz,      -50.98,dBm,     -120.00,dBm,     -120.00,dBm,     -120.00,dBm
256,1669565217.4,Hz,      -50.90,dBm,     -120.00,dBm,     -120.00,dBm,     -120.00,dBm
257,1676086956.5,Hz,      -50.93,dBm,     -120.00,dBm,     -120.00,dBm,     -120.00,dBm
258,1682608695.7,Hz,      -50.73,dBm,     -120.00,dBm,     -120.00,dBm,     -120.00,dBm
259,1689130434.8,Hz,      -50.56,dBm,     -120.00,dBm,     -120.00,dBm,     -120.00,dBm
260,1695652173.9,Hz,      -50.76,dBm,     -120.00,dBm,     -120.00,dBm,     -120.00,dBm
261,1702173913.0,Hz,      -50.56,dBm,     -120.00,dBm,     -120.00,dBm,     -120.00,dBm
262,1708695652.2,Hz,      -50.40,dBm,     -120.00,dBm,     -120.00,dBm,     -120.00,dBm
263,1715217391.3,Hz,      -50.31,dBm,     -120.00,dBm,     -120.00,dBm,     -120.00,dBm
264,1721739130.4,Hz,      -50.45,dBm,     -120.00,dBm,     -120.00,dBm,     -120.00,dBm
265,1728260869.6,Hz,      -50.21,dBm,     -120.00,dBm,     -120.00,dBm,     -120.00,dBm
266,1734782608.7,Hz,      -50.16,dBm,     -120.00,dBm,     -120.00,dBm,     -120.00,dBm
267,1741304347.8,Hz,      -49.97,dBm,     -120.00,dBm,     -120.00,dBm,     -120.00,dBm
268,1747826087.0,Hz,      -50.00,dBm,     -120.00,dBm,     -120.00,dBm,     -120.00,dBm
269,1754347826.1,Hz,      -50.19,dBm,     -120.00,dBm,     -120.00,dBm,     -120.00,dBm
270,1760869565.2,Hz,      -50.09,dBm,     -120.00,dBm,     -120.00,dBm,     -120.00,dBm
271,1767391304.3,Hz,      -49.93,dBm,     -120.00,dBm,     -120.00,dBm,     -120.00,dBm
272,1773913043.5,Hz,      -49.83,dBm,     -120.00,dBm,     -120.00,dBm,     -120.00,dBm
273,1780434782.6,Hz,      -50.06,dBm,     -120.00,dBm,     -120.00,dBm,     -120.00,dBm
274,1786956521.7,Hz,      -49.96,dBm,     -120.00,dBm,     -120.00,dBm,     -120.00,dBm
275,1793478260.9,Hz,      -49.99,dBm,     -120.00,dBm,     -120.00,dBm,     -120.00,dBm
276,1800000000.0,Hz,      -49.93,dBm,     -120.00,dBm,     -120.00,dBm,     -120.00,dBm
277,1806521739.1,Hz,      -49.96,dBm,     -120.00,dBm,     -120.00,dBm,     -120.00,dBm
278,1813043478.3,Hz,      -49.78,dBm,     -120.00,dBm,     -120.00,dBm,     -120.00,dBm
279,1819565217.4,Hz,      -50.02,dBm,     -120.00,dBm,     -120.00,dBm,     -120.00,dBm
280,1826086956.5,Hz,      -49.83,dBm,     -120.00,dBm,     -120.00,dBm,     -120.00,dBm
281,1832608695.7,Hz,      -49.52,dBm,     -120.00,dBm,     -120.00,dBm,     -120.00,dBm
282,1839130434.8,Hz,      -49.91,dBm,     -120.00,dBm,     -120.00,dBm,     -120.00,dBm
283,1845652173.9,Hz,      -49.54,dBm,     -120.00,dBm,     -120.00,dBm,     -120.00,dBm
284,1852173913.0,Hz,      -49.62,dBm,     -120.00,dBm,     -120.00,dBm,     -120.00,dBm
285,1858695652.2,Hz,      -49.60,dBm,     -120.00,dBm,     -120.00,dBm,     -120.00,dBm
286,1865217391.3,Hz,      -49.73,dBm,     -120.00,dBm,     -120.00,dBm,     -120.00,dBm
287,1871739130.4,Hz,      -49.65,dBm,     -120.00,dBm,     -120.00,dBm,     -120.00,dBm
288,1878260869.6,Hz,      -49.39,dBm,     -120.00,dBm,     -120.00,dBm,     -120.00,dBm
289,1884782608.7,Hz,      -49.49,dBm,     -120.00,dBm,     -120.00,dBm,     -120.00,dBm
290,1891304347.8,Hz,      -49.55,dBm,     -120.00,dBm,     -120.00,dBm,     -120.00,dBm
291,1897826087.0,Hz,      -49.39,dBm,     -120.00,dBm,     -120.00,dBm,     -120.00,dBm
292,1904347826.1,Hz,      -49.24,dBm,     -120.00,dBm,     -120.00,dBm,     -120.00,dBm
293,1910869565.2,Hz,      -49.21,dBm,     -120.00,dBm,     -120.00,dBm,     -120.00,dBm
294,1917391304.3,Hz,      -49.39,dBm,     -120.00,dBm,     -120.00,dBm,     -120.00,dBm
295,1923913043.5,Hz,      -49.41,dBm,     -120.00,dBm,     -120.00,dBm,     -120.00,dBm
296,1930434782.6,Hz,      -49.47,dBm,     -120.00,dBm,     -120.00,dBm,     -120.00,dBm
297,1936956521.7,Hz,      -49.38,dBm,     -120.00,dBm,     -120.00,dBm,     -120.00,dBm
298,1943478260.9,Hz,      -49.18,dBm,     -120.00,dBm,     -120.00,dBm,     -120.00,dBm
299,1950000000.0,Hz,      -49.06,dBm,     -120.00,dBm,     -120.00,dBm,     -120.00,dBm
300,1956521739.1,Hz,      -49.12,dBm,     -120.00,dBm,     -120.00,dBm,     -120.00,dBm
301,1963043478.3,Hz,      -49.27,dBm,     -120.00,dBm,     -120.00,dBm,     -120.00,dBm
302,1969565217.4,Hz,      -49.20,dBm,     -120.00,dBm,     -120.00,dBm,     -120.00,dBm
303,1976086956.5,Hz,      -49.08,dBm,     -120.00,dBm,     -120.00,dBm,     -120.00,dBm
304,1982608695.7,Hz,      -48.80,dBm,     -120.00,dBm,     -120.00,dBm,     -120.00,dBm
305,1989130434.8,Hz,      -48.88,dBm,     -120.00,dBm,     -120.00,dBm,     -120.00,dBm
306,1995652173.9,Hz,      -48.34,dBm,     -120.00,dBm,     -120.00,dBm,     -120.00,dBm
307,2002173913.0,Hz,      -48.63,dBm,     -120.00,dBm,     -120.00,dBm,     -120.00,dBm
308,2008695652.2,Hz,      -48.60,dBm,     -120.00,dBm,     -120.00,dBm,     -120.00,dBm
309,2015217391.3,Hz,      -48.66,dBm,     -120.00,dBm,     -120.00,dBm,     -120.00,dBm
310,2021739130.4,Hz,      -48.61,dBm,     -120.00,dBm,     -120.00,dBm,     -120.00,dBm
311,2028260869.6,Hz,      -48.44,dBm,     -120.00,dBm,     -120.00,dBm,     -120.00,dBm
312,2034782608.7,Hz,      -48.57,dBm,     -120.00,dBm,     -120.00,dBm,     -120.00,dBm
313,2041304347.8,Hz,      -48.82,dBm,     -120.00,dBm,     -120.00,dBm,     -120.00,dBm
314,2047826087.0,Hz,      -48.88,dBm,     -120.00,dBm,     -120.00,dBm,     -120.00,dBm
315,2054347826.1,Hz,      -49.05,dBm,     -120.00,dBm,     -120.00,dBm,     -120.00,dBm
316,2060869565.2,Hz,      -48.96,dBm,     -120.00,dBm,     -120.00,dBm,     -120.00,dBm
317,2067391304.3,Hz,      -49.00,dBm,     -120.00,dBm,     -120.00,dBm,     -120.00,dBm
318,2073913043.5,Hz,      -49.14,dBm,     -120.00,dBm,     -120.00,dBm,     -120.00,dBm
319,2080434782.6,Hz,      -49.26,dBm,     -120.00,dBm,     -120.00,dBm,     -120.00,dBm
320,2086956521.7,Hz,      -49.06,dBm,     -120.00,dBm,     -120.00,dBm,     -120.00,dBm
321,2093478260.9,Hz,      -49.04,dBm,     -120.00,dBm,     -120.00,dBm,     -120.00,dBm
322,2100000000.0,Hz,      -49.11,dBm,     -120.00,dBm,     -120.00,dBm,     -120.00,dBm
323,2106521739.1,Hz,      -48.72,dBm,     -120.00,dBm,     -120.00,dBm,     -120.00,dBm
324,2113043478.3,Hz,      -48.89,dBm,     -120.00,dBm,     -120.00,dBm,     -120.00,dBm
325,2119565217.4,Hz,      -48.57,dBm,     -120.00,dBm,     -120.00,dBm,     -120.00,dBm
326,2126086956.5,Hz,      -48.47,dBm,     -120.00,dBm,     -120.00,dBm,     -120.00,dBm
327,2132608695.7,Hz,      -48.51,dBm,     -120.00,dBm,     -120.00,dBm,     -120.00,dBm
328,2139130434.8,Hz,      -47.93,dBm,     -120.00,dBm,     -120.00,dBm,     -120.00,dBm
329,2145652173.9,Hz,      -48.18,dBm,     -120.00,dBm,     -120.00,dBm,     -120.00,dBm
330,2152173913.0,Hz,      -48.06,dBm,     -120.00,dBm,     -120.00,dBm,     -120.00,dBm
331,2158695652.2,Hz,      -48.20,dBm,     -120.00,dBm,     -120.00,dBm,     -120.00,dBm
332,2165217391.3,Hz,      -47.98,dBm,     -120.00,dBm,     -120.00,dBm,     -120.00,dBm
333,2171739130.4,Hz,      -47.83,dBm,     -120.00,dBm,     -120.00,dBm,     -120.00,dBm
334,2178260869.6,Hz,      -48.07,dBm,     -120.00,dBm,     -120.00,dBm,     -120.00,dBm
335,2184782608.7,Hz,      -48.06,dBm,     -120.00,dBm,     -120.00,dBm,     -120.00,dBm
336,2191304347.8,Hz,      -47.99,dBm,     -120.00,dBm,     -120.00,dBm,     -120.00,dBm
337,2197826087.0,Hz,      -47.83,dBm,     -120.00,dBm,     -120.00,dBm,     -120.00,dBm
338,2204347826.1,Hz,      -47.89,dBm,     -120.00,dBm,     -120.00,dBm,     -120.00,dBm
339,2210869565.2,Hz,      -48.12,dBm,     -120.00,dBm,     -120.00,dBm,     -120.00,dBm
340,2217391304.3,Hz,      -48.10,dBm,     -120.00,dBm,     -120.00,dBm,     -120.00,dBm
341,2223913043.5,Hz,      -48.00,dBm,     -120.00,dBm,     -120.00,dBm,     -120.00,dBm
342,2230434782.6,Hz,      -47.82,dBm,     -120.00,dBm,     -120.00,dBm,     -120.00,dBm
343,2236956521.7,Hz,      -47.79,dBm,     -120.00,dBm,     -120.00,dBm,     -120.00,dBm
344,2243478260.9,Hz,      -47.74,dBm,     -120.00,dBm,     -120.00,dBm,     -120.00,dBm
345,2250000000.0,Hz,      -47.66,dBm,     -120.00,dBm,     -120.00,dBm,     -120.00,dBm
346,2256521739.1,Hz,      -47.59,dBm,     -120.00,dBm,     -120.00,dBm,     -120.00,dBm
347,2263043478.3,Hz,      -47.36,dBm,     -120.00,dBm,     -120.00,dBm,     -120.00,dBm
348,2269565217.4,Hz,      -47.28,dBm,     -120.00,dBm,     -120.00,dBm,     -120.00,dBm
349,2276086956.5,Hz,      -47.31,dBm,     -120.00,dBm,     -120.00,dBm,     -120.00,dBm
350,2282608695.7,Hz,      -47.18,dBm,     -120.00,dBm,     -120.00,dBm,     -120.00,dBm
351,2289130434.8,Hz,      -47.16,dBm,     -120.00,dBm,     -120.00,dBm,     -120.00,dBm
352,2295652173.9,Hz,      -47.19,dBm,     -120.00,dBm,     -120.00,dBm,     -120.00,dBm
353,2302173913.0,Hz,      -47.14,dBm,     -120.00,dBm,     -120.00,dBm,     -120.00,dBm
354,2308695652.2,Hz,      -47.11,dBm,     -120.00,dBm,     -120.00,dBm,     -120.00,dBm
355,2315217391.3,Hz,      -47.06,dBm,     -120.00,dBm,     -120.00,dBm,     -120.00,dBm
356,2321739130.4,Hz,      -47.08,dBm,     -120.00,dBm,     -120.00,dBm,     -120.00,dBm
357,2328260869.6,Hz,      -47.21,dBm,     -120.00,dBm,     -120.00,dBm,     -120.00,dBm
358,2334782608.7,Hz,      -47.26,dBm,     -120.00,dBm,     -120.00,dBm,     -120.00,dBm
359,2341304347.8,Hz,      -47.32,dBm,     -120.00,dBm,     -120.00,dBm,     -120.00,dBm
360,2347826087.0,Hz,      -47.34,dBm,     -120.00,dBm,     -120.00,dBm,     -120.00,dBm
361,2354347826.1,Hz,      -47.42,dBm,     -120.00,dBm,     -120.00,dBm,     -120.00,dBm
362,2360869565.2,Hz,      -47.32,dBm,     -120.00,dBm,     -120.00,dBm,     -120.00,dBm
363,2367391304.3,Hz,      -47.50,dBm,     -120.00,dBm,     -120.00,dBm,     -120.00,dBm
364,2373913043.5,Hz,      -47.12,dBm,     -120.00,dBm,     -120.00,dBm,     -120.00,dBm
365,2380434782.6,Hz,      -47.19,dBm,     -120.00,dBm,     -120.00,dBm,     -120.00,dBm
366,2386956521.7,Hz,      -46.84,dBm,     -120.00,dBm,     -120.00,dBm,     -120.00,dBm
367,2393478260.9,Hz,      -46.93,dBm,     -120.00,dBm,     -120.00,dBm,     -120.00,dBm
368,2400000000.0,Hz,      -46.56,dBm,     -120.00,dBm,     -120.00,dBm,     -120.00,dBm
369,2406521739.1,Hz,      -46.54,dBm,     -120.00,dBm,     -120.00,dBm,     -120.00,dBm
370,2413043478.3,Hz,      -46.48,dBm,     -120.00,dBm,     -120.00,dBm,     -120.00,dBm
371,2419565217.4,Hz,      -46.15,dBm,     -120.00,dBm,     -120.00,dBm,     -120.00,dBm
372,2426086956.5,Hz,      -46.10,dBm,     -120.00,dBm,     -120.00,dBm,     -120.00,dBm
373,2432608695.7,Hz,      -46.12,dBm,     -120.00,dBm,     -120.00,dBm,     -120.00,dBm
374,2439130434.8,Hz,      -46.12,dBm,     -120.00,dBm,     -120.00,dBm,     -120.00,dBm
375,2445652173.9,Hz,      -46.02,dBm,     -120.00,dBm,     -120.00,dBm,     -120.00,dBm
376,2452173913.0,Hz,      -46.28,dBm,     -120.00,dBm,     -120.00,dBm,     -120.00,dBm
377,2458695652.2,Hz,      -46.10,dBm,     -120.00,dBm,     -120.00,dBm,     -120.00,dBm
378,2465217391.3,Hz,      -46.38,dBm,     -120.00,dBm,     -120.00,dBm,     -120.00,dBm
379,2471739130.4,Hz,      -46.56,dBm,     -120.00,dBm,     -120.00,dBm,     -120.00,dBm
380,2478260869.6,Hz,      -46.50,dBm,     -120.00,dBm,     -120.00,dBm,     -120.00,dBm
381,2484782608.7,Hz,      -46.69,dBm,     -120.00,dBm,     -120.00,dBm,     -120.00,dBm
382,2491304347.8,Hz,      -46.80,dBm,     -120.00,dBm,     -120.00,dBm,     -120.00,dBm
383,2497826087.0,Hz,      -46.99,dBm,     -120.00,dBm,     -120.00,dBm,     -120.00,dBm
384,2504347826.1,Hz,      -47.19,dBm,     -120.00,dBm,     -120.00,dBm,     -120.00,dBm
385,2510869565.2,Hz,      -46.93,dBm,     -120.00,dBm,     -120.00,dBm,     -120.00,dBm
386,2517391304.3,Hz,      -47.21,dBm,     -120.00,dBm,     -120.00,dBm,     -120.00,dBm
387,2523913043.5,Hz,      -46.70,dBm,     -120.00,dBm,     -120.00,dBm,     -120.00,dBm
388,2530434782.6,Hz,      -46.98,dBm,     -120.00,dBm,     -120.00,dBm,     -120.00,dBm
389,2536956521.7,Hz,      -46.92,dBm,     -120.00,dBm,     -120.00,dBm,     -120.00,dBm
390,2543478260.9,Hz,      -46.80,dBm,     -120.00,dBm,     -120.00,dBm,     -120.00,dBm
391,2550000000.0,Hz,      -46.57,dBm,     -120.00,dBm,     -120.00,dBm,     -120.00,dBm
392,2556521739.1,Hz,      -46.29,dBm,     -120.00,dBm,     -120.00,dBm,     -120.00,dBm
393,2563043478.3,Hz,      -46.37,dBm,     -120.00,dBm,     -120.00,dBm,     -120.00,dBm
394,2569565217.4,Hz,      -46.26,dBm,     -120.00,dBm,     -120.00,dBm,     -120.00,dBm
395,2576086956.5,Hz,      -46.41,dBm,     -120.00,dBm,     -120.00,dBm,     -120.00,dBm
396,2582608695.7,Hz,      -46.07,dBm,     -120.00,dBm,     -120.00,dBm,     -120.00,dBm
397,2589130434.8,Hz,      -46.61,dBm,     -120.00,dBm,     -120.00,dBm,     -120.00,dBm
398,2595652173.9,Hz,      -46.46,dBm,     -120.00,dBm,     -120.00,dBm,     -120.00,dBm
399,2602173913.0,Hz,      -46.42,dBm,     -120.00,dBm,     -120.00,dBm,     -120.00,dBm
400,2608695652.2,Hz,      -46.78,dBm,     -120.00,dBm,     -120.00,dBm,     -120.00,dBm
401,2615217391.3,Hz,      -46.97,dBm,     -120.00,dBm,     -120.00,dBm,     -120.00,dBm
402,2621739130.4,Hz,      -47.23,dBm,     -120.00,dBm,     -120.00,dBm,     -120.00,dBm
403,2628260869.6,Hz,      -47.09,dBm,     -120.00,dBm,     -120.00,dBm,     -120.00,dBm
404,2634782608.7,Hz,      -46.93,dBm,     -120.00,dBm,     -120.00,dBm,     -120.00,dBm
405,2641304347.8,Hz,      -47.16,dBm,     -120.00,dBm,     -120.00,dBm,     -120.00,dBm
406,2647826087.0,Hz,      -47.03,dBm,     -120.00,dBm,     -120.00,dBm,     -120.00,dBm
407,2654347826.1,Hz,      -46.97,dBm,     -120.00,dBm,     -120.00,dBm,     -120.00,dBm
408,2660869565.2,Hz,      -46.70,dBm,     -120.00,dBm,     -120.00,dBm,     -120.00,dBm
409,2667391304.3,Hz,      -46.84,dBm,     -120.00,dBm,     -120.00,dBm,     -120.00,dBm
410,2673913043.5,Hz,      -46.85,dBm,     -120.00,dBm,     -120.00,dBm,     -120.00,dBm
411,2680434782.6,Hz,      -46.82,dBm,     -120.00,dBm,     -120.00,dBm,     -120.00,dBm
412,2686956521.7,Hz,      -46.71,dBm,     -120.00,dBm,     -120.00,dBm,     -120.00,dBm
413,2693478260.9,Hz,      -46.44,dBm,     -120.00,dBm,     -120.00,dBm,     -120.00,dBm
414,2700000000.0,Hz,      -46.65,dBm,     -120.00,dBm,     -120.00,dBm,     -120.00,dBm
415,2706521739.1,Hz,      -46.35,dBm,     -120.00,dBm,     -120.00,dBm,     -120.00,dBm
416,2713043478.3,Hz,      -46.33,dBm,     -120.00,dBm,     -120.00,dBm,     -120.00,dBm
417,2719565217.4,Hz,      -46.71,dBm,     -120.00,dBm,     -120.00,dBm,     -120.00,dBm
418,2726086956.5,Hz,      -46.35,dBm,     -120.00,dBm,     -120.00,dBm,     -120.00,dBm
419,2732608695.7,Hz,      -46.42,dBm,     -120.00,dBm,     -120.00,dBm,     -120.00,dBm
420,2739130434.8,Hz,      -46.82,dBm,     -120.00,dBm,     -120.00,dBm,     -120.00,dBm
421,2745652173.9,Hz,      -46.80,dBm,     -120.00,dBm,     -120.00,dBm,     -120.00,dBm
422,2752173913.0,Hz,      -47.29,dBm,     -120.00,dBm,     -120.00,dBm,     -120.00,dBm
423,2758695652.2,Hz,      -47.21,dBm,     -120.00,dBm,     -120.00,dBm,     -120.00,dBm
424,2765217391.3,Hz,      -47.37,dBm,     -120.00,dBm,     -120.00,dBm,     -120.00,dBm
425,2771739130.4,Hz,      -47.32,dBm,     -120.00,dBm,     -120.00,dBm,     -120.00,dBm
426,2778260869.6,Hz,      -47.33,dBm,     -120.00,dBm,     -120.00,dBm,     -120.00,dBm
427,2784782608.7,Hz,      -47.38,dBm,     -120.00,dBm,     -120.00,dBm,     -120.00,dBm
428,2791304347.8,Hz,      -47.04,dBm,     -120.00,dBm,     -120.00,dBm,     -120.00,dBm
429,2797826087.0,Hz,      -46.94,dBm,     -120.00,dBm,     -120.00,dBm,     -120.00,dBm
430,2804347826.1,Hz,      -46.73,dBm,     -120.00,dBm,     -120.00,dBm,     -120.00,dBm
431,2810869565.2,Hz,      -46.45,dBm,     -120.00,dBm,     -120.00,dBm,     -120.00,dBm
432,2817391304.3,Hz,      -46.31,dBm,     -120.00,dBm,     -120.00,dBm,     -120.00,dBm
433,2823913043.5,Hz,      -46.45,dBm,     -120.00,dBm,     -120.00,dBm,     -120.00,dBm
434,2830434782.6,Hz,      -46.27,dBm,     -120.00,dBm,     -120.00,dBm,     -120.00,dBm
435,2836956521.7,Hz,      -46.21,dBm,     -120.00,dBm,     -120.00,dBm,     -120.00,dBm
436,2843478260.9,Hz,      -46.13,dBm,     -120.00,dBm,     -120.00,dBm,     -120.00,dBm
437,2850000000.0,Hz,      -46.29,dBm,     -120.00,dBm,     -120.00,dBm,     -120.00,dBm
438,2856521739.1,Hz,      -46.26,dBm,     -120.00,dBm,     -120.00,dBm,     -120.00,dBm
439,2863043478.3,Hz,      -46.95,dBm,     -120.00,dBm,     -120.00,dBm,     -120.00,dBm
440,2869565217.4,Hz,      -46.95,dBm,     -120.00,dBm,     -120.00,dBm,     -120.00,dBm
441,2876086956.5,Hz,      -47.21,dBm,     -120.00,dBm,     -120.00,dBm,     -120.00,dBm
442,2882608695.7,Hz,      -47.15,dBm,     -120.00,dBm,     -120.00,dBm,     -120.00,dBm
443,2889130434.8,Hz,      -47.19,dBm,     -120.00,dBm,     -120.00,dBm,     -120.00,dBm
444,2895652173.9,Hz,      -46.87,dBm,     -120.00,dBm,     -120.00,dBm,     -120.00,dBm
445,2902173913.0,Hz,      -46.80,dBm,     -120.00,dBm,     -120.00,dBm,     -120.00,dBm
446,2908695652.2,Hz,      -46.99,dBm,     -120.00,dBm,     -120.00,dBm,     -120.00,dBm
447,2915217391.3,Hz,      -46.87,dBm,     -120.00,dBm,     -120.00,dBm,     -120.00,dBm
448,2921739130.4,Hz,      -46.65,dBm,     -120.00,dBm,     -120.00,dBm,     -120.00,dBm
449,2928260869.6,Hz,      -46.37,dBm,     -120.00,dBm,     -120.00,dBm,     -120.00,dBm
450,2934782608.7,Hz,      -46.36,dBm,     -120.00,dBm,     -120.00,dBm,     -120.00,dBm
451,2941304347.8,Hz,      -46.16,dBm,     -120.00,dBm,     -120.00,dBm,     -120.00,dBm
452,2947826087.0,Hz,      -46.40,dBm,     -120.00,dBm,     -120.00,dBm,     -120.00,dBm
453,2954347826.1,Hz,      -46.20,dBm,     -120.00,dBm,     -120.00,dBm,     -120.00,dBm
454,2960869565.2,Hz,      -45.81,dBm,     -120.00,dBm,     -120.00,dBm,     -120.00,dBm
455,2967391304.3,Hz,      -46.57,dBm,     -120.00,dBm,     -120.00,dBm,     -120.00,dBm
456,2973913043.5,Hz,      -46.76,dBm,     -120.00,dBm,     -120.00,dBm,     -120.00,dBm
457,2980434782.6,Hz,      -46.58,dBm,     -120.00,dBm,     -120.00,dBm,     -120.00,dBm
458,2986956521.7,Hz,      -47.18,dBm,     -120.00,dBm,     -120.00,dBm,     -120.00,dBm
459,2993478260.9,Hz,      -47.09,dBm,     -120.00,dBm,     -120.00,dBm,     -120.00,dBm
460,3000000000.0,Hz,      -47.67,dBm,     -120.00,dBm,     -120.00,dBm,     -120.00,dBm
